asin,name,date

B0BQ3LCF2S,Here are the transformed raw product information into high-retention content:,2026-07-18 03:06:27
B0FMDL81GS,Buds That Last All Day,2026-07-18 08:07:03
B0C6MR26B7,Portable Party in Your Hand,2026-07-18 14:06:24
B09ZTKYLSH,Portable CD Boombox Revolution,2026-07-18 21:02:27
B0H3V8GS5P,Sound Up Your Life Instantly,2026-07-19 03:07:00
B0DY2SWV16,WAKE UP TO YOUR BEST SELF,2026-07-19 08:06:10
B00MFNJKJ2,Portable Powerhouse for Your Home,2026-07-19 08:26:41
B0CP3TKZZH,"Silent Landline, Loud Problem Solved",2026-07-19 13:11:26
B0CQ4GWZF9,"Find Anything, Lose Nothing",2026-07-19 18:58:15
B0CQRNWJM2,"Sleek Wireless Mouse, Less Hassle",2026-07-19 14:07:19
B0FC2Z19RX,Best Earbuds for Clear Calls,2026-07-20 03:07:32
B0DNFSYJ23,Unleash Double Storage Power,2026-07-20 08:07:10
B0DHG4ZPGV,Unlock Your Old Photos,2026-07-20 14:06:29
B0GXBJ3658,Immersive Audio on the Go,2026-07-21 03:07:14
B07VRYL9K9,Bring Back Memories,2026-07-21 08:07:30
B082LSVT4B,1. Unbreakable Phone Cable,2026-07-21 15:37:03
B0GWDCM82P,"Ears Open, World Unlocked",2026-07-22 02:37:04
B0DL3CH93D,1. Wireless Car Freedom,2026-07-22 08:37:43
B0C497MSQN,Smart Watch That Never Dies,2026-07-22 13:38:18
B0BJ72WZQ7,Smart Watch Your Fitness BFF,2026-07-23 01:37:32
B0DZNZWMF1,Protect Your Adventure Essentials,2026-07-23 07:36:58
B0D2R2MXXJ,Supercharge Your Day,2026-07-23 11:36:51
B0DB269JKH,Car Safe Phone Holder Hack,2026-07-23 15:37:31
B077CQ6H8L,Secure Your Home with Ease,2026-07-24 00:37:09
